seqnames,start,end,width,strand,norm_cov,cnv_level,line,max_gap
chr1B_part1,27200000,27300000,600,*,0,0,WATDE0214,10
chr1B_part1,28812000,28825000,2000,*,2.428227667,2,WATDE0214,10
chr3D_part1,40100000,40300000,11800,*,3.199700674,3,WATDE0214,10
chr5D_part1,5500000,5700000,15431,*,2.367806728,2,WATDE0214,10
chr4B_part1,234913366,234946328,32963,*,0.00257497,0,WATDE0214,10
chr4B_part1,234000000,236000000,32963,*,0.00257497,0,WATDE0214,10